{
    "precision": 0.96,
    "recall": 0.75,
    "f1": 0.8421052631578947,
    "auc_roc": 0.9503676470588234
}